0,1,2,3,4,5,6,7,8,9
user_131,user_23,user_134,user_88,user_64,user_71,user_37,user_17,user_72,user_103
user_248,user_125,user_142,user_19,user_129,user_165,user_241,user_110,user_134,user_155
user_49,user_137,user_124,user_17,user_174,user_167,user_82,user_57,user_79,user_108
user_9,user_35,user_64,user_134,user_196,user_37,user_33,user_82,user_123,user_26
user_54,user_91,user_130,user_82,user_153,user_190,user_30,user_50,user_100,user_66
user_126,user_148,user_145,user_64,user_190,user_136,user_234,user_47,user_83,user_109
user_68,user_224,user_78,user_58,user_82,user_103,user_175,user_91,user_210,user_32
user_41,user_71,user_168,user_30,user_173,user_92,user_103,user_110,user_189,user_135
user_167,user_2,user_106,user_10,user_181,user_96,user_110,user_120,user_166,user_115
user_104,user_138,user_233,user_87,user_171,user_109,user_13,user_60,user_139,user_242
user_125,user_61,user_88,user_7,user_134,user_169,user_179,user_110,user_146,user_108
user_204,user_234,user_141,user_68,user_183,user_43,user_33,user_163,user_66,user_199
user_96,user_78,user_139,user_20,user_133,user_178,user_166,user_42,user_123,user_126
user_79,user_102,user_149,user_82,user_170,user_45,user_69,user_176,user_219,user_28
user_192,user_185,user_214,user_55,user_217,user_246,user_42,user_72,user_193,user_233
user_165,user_191,user_214,user_211,user_115,user_44,user_75,user_113,user_245,user_73
user_116,user_93,user_131,user_4,user_33,user_75,user_132,user_96,user_103,user_140
user_189,user_147,user_233,user_89,user_193,user_242,user_71,user_24,user_218,user_175
user_4,user_55,user_142,user_116,user_117,user_243,user_184,user_81,user_140,user_115
user_214,user_165,user_14,user_95,user_246,user_245,user_15,user_104,user_156,user_226
user_179,user_40,user_209,user_46,user_127,user_203,user_66,user_76,user_188,user_80
user_9,user_125,user_123,user_131,user_88,user_59,user_23,user_45,user_70,user_96
user_6,user_165,user_55,user_58,user_230,user_190,user_182,user_223,user_175,user_131
user_211,user_152,user_45,user_96,user_195,user_81,user_67,user_123,user_167,user_61
user_180,user_86,user_23,user_2,user_141,user_10,user_167,user_60,user_153,user_237
user_90,user_49,user_87,user_17,user_103,user_174,user_238,user_234,user_185,user_71
user_204,user_3,user_199,user_106,user_81,user_145,user_67,user_54,user_207,user_222
user_88,user_25,user_152,user_131,user_70,user_211,user_69,user_81,user_199,user_243
user_26,user_36,user_229,user_91,user_70,user_80,user_166,user_178,user_68,user_56
user_54,user_57,user_196,user_162,user_206,user_126,user_53,user_93,user_153,user_170
user_79,user_69,user_160,user_17,user_108,user_50,user_184,user_103,user_162,user_120
user_231,user_110,user_213,user_2,user_25,user_214,user_27,user_61,user_210,user_73
user_29,user_26,user_186,user_190,user_162,user_130,user_25,user_184,user_134,user_140
user_54,user_166,user_83,user_3,user_233,user_196,user_102,user_47,user_145,user_229
user_168,user_69,user_66,user_102,user_155,user_94,user_41,user_89,user_228,user_105
user_125,user_117,user_218,user_118,user_178,user_41,user_81,user_28,user_135,user_245
user_21,user_18,user_207,user_27,user_19,user_121,user_193,user_22,user_211,user_157
user_9,user_77,user_180,user_190,user_98,user_115,user_70,user_100,user_238,user_207
user_245,user_176,user_2,user_61,user_231,user_177,user_10,user_152,user_197,user_193
user_123,user_121,user_3,user_108,user_167,user_117,user_49,user_62,user_219,user_215
user_122,user_79,user_43,user_105,user_112,user_183,user_170,user_137,user_247,user_94
user_102,user_202,user_218,user_210,user_204,user_80,user_3,user_18,user_27,user_1
user_94,user_205,user_216,user_25,user_37,user_236,user_89,user_35,user_206,user_42
user_121,user_187,user_211,user_61,user_104,user_197,user_131,user_52,user_97,user_67
user_59,user_46,user_70,user_190,user_160,user_196,user_144,user_44,user_105,user_120
user_210,user_231,user_4,user_27,user_33,user_232,user_60,user_10,user_81,user_55
user_213,user_159,user_238,user_107,user_120,user_110,user_34,user_12,user_234,user_217
user_24,user_36,user_230,user_210,user_217,user_83,user_43,user_19,user_142,user_64
user_110,user_90,user_237,user_120,user_159,user_166,user_103,user_10,user_137,user_100
user_116,user_164,user_163,user_183,user_194,user_117,user_73,user_112,user_4,user_44
user_55,user_143,user_109,user_78,user_164,user_39,user_36,user_46,user_0,user_180
user_9,user_43,user_182,user_156,user_175,user_170,user_101,user_35,user_204,user_147
user_110,user_175,user_243,user_25,user_120,user_182,user_133,user_26,user_190,user_56
user_22,user_121,user_176,user_61,user_174,user_2,user_74,user_4,user_124,user_142
user_184,user_3,user_178,user_69,user_70,user_170,user_101,user_38,user_133,user_82
user_110,user_71,user_162,user_155,user_168,user_248,user_30,user_90,user_135,user_133
user_104,user_107,user_124,user_0,user_114,user_109,user_139,user_44,user_49,user_96
user_213,user_152,user_11,user_75,user_128,user_158,user_73,user_183,user_164,user_140
user_14,user_9,user_174,user_142,user_190,user_144,user_52,user_101,user_4,user_203
user_62,user_87,user_114,user_143,user_171,user_235,user_104,user_58,user_192,user_36
user_235,user_144,user_243,user_112,user_132,user_240,user_22,user_11,user_86,user_175
user_61,user_82,user_152,user_35,user_32,user_69,user_25,user_121,user_220,user_231
user_150,user_70,user_149,user_65,user_24,user_128,user_0,user_21,user_170,user_237
user_103,user_69,user_119,user_239,user_148,user_45,user_79,user_49,user_127,user_77
user_78,user_181,user_178,user_55,user_226,user_192,user_204,user_43,user_221,user_170
user_190,user_85,user_128,user_73,user_158,user_164,user_24,user_213,user_48,user_6
user_204,user_164,user_43,user_234,user_48,user_218,user_183,user_7,user_129,user_147
user_96,user_44,user_185,user_40,user_135,user_169,user_162,user_114,user_116,user_95
user_234,user_90,user_87,user_7,user_163,user_194,user_164,user_211,user_206,user_141
user_2,user_192,user_151,user_101,user_175,user_178,user_245,user_235,user_184,user_189
user_119,user_159,user_200,user_10,user_149,user_230,user_27,user_18,user_127,user_97
user_115,user_102,user_46,user_59,user_33,user_191,user_120,user_92,user_44,user_19
user_98,user_26,user_67,user_144,user_233,user_224,user_37,user_44,user_111,user_96
user_161,user_170,user_129,user_88,user_153,user_219,user_248,user_178,user_197,user_13
user_77,user_66,user_192,user_5,user_188,user_40,user_44,user_74,user_70,user_88
user_94,user_117,user_79,user_112,user_119,user_229,user_192,user_10,user_122,user_55
user_59,user_219,user_44,user_162,user_108,user_120,user_123,user_79,user_128,user_129
user_55,user_116,user_103,user_131,user_149,user_214,user_147,user_117,user_230,user_135
user_162,user_127,user_139,user_13,user_128,user_135,user_76,user_113,user_155,user_108
user_232,user_66,user_44,user_190,user_235,user_212,user_58,user_40,user_194,user_205
user_177,user_10,user_160,user_34,user_237,user_228,user_92,user_146,user_230,user_179
user_16,user_208,user_116,user_7,user_75,user_149,user_54,user_53,user_221,user_219
user_78,user_232,user_23,user_101,user_237,user_188,user_184,user_70,user_247,user_175
user_248,user_105,user_183,user_94,user_39,user_32,user_89,user_86,user_59,user_197
user_161,user_59,user_203,user_66,user_26,user_162,user_29,user_219,user_70,user_80
user_96,user_140,user_149,user_53,user_169,user_131,user_67,user_44,user_211,user_123
user_158,user_236,user_80,user_64,user_172,user_171,user_55,user_223,user_33,user_145
user_8,user_218,user_171,user_78,user_54,user_201,user_98,user_58,user_217,user_102
user_129,user_26,user_140,user_186,user_219,user_211,user_233,user_25,user_150,user_191
user_162,user_17,user_76,user_35,user_153,user_228,user_70,user_13,user_130,user_220
user_121,user_156,user_236,user_74,user_182,user_231,user_116,user_170,user_195,user_188
user_171,user_126,user_87,user_7,user_135,user_179,user_104,user_34,user_125,user_99
user_55,user_216,user_62,user_42,user_192,user_200,user_68,user_67,user_148,user_71
user_88,user_96,user_123,user_181,user_166,user_167,user_83,user_46,user_197,user_202
user_204,user_99,user_146,user_7,user_137,user_179,user_90,user_118,user_231,user_71
user_69,user_79,user_92,user_33,user_98,user_127,user_70,user_81,user_77,user_102
user_199,user_5,user_131,user_191,user_203,user_122,user_204,user_8,user_196,user_115
user_12,user_11,user_74,user_61,user_125,user_68,user_64,user_32,user_234,user_182
user_160,user_1,user_127,user_39,user_59,user_28,user_162,user_0,user_172,user_120
user_77,user_5,user_40,user_98,user_236,user_70,user_47,user_89,user_94,user_46
user_63,user_65,user_78,user_142,user_236,user_244,user_41,user_14,user_135,user_180
user_3,user_55,user_101,user_156,user_178,user_20,user_38,user_102,user_67,user_150
user_18,user_204,user_236,user_121,user_101,user_156,user_125,user_9,user_126,user_133
user_57,user_246,user_145,user_36,user_239,user_196,user_102,user_31,user_110,user_176
user_87,user_171,user_158,user_136,user_209,user_98,user_104,user_243,user_138,user_139
user_9,user_89,user_77,user_66,user_192,user_136,user_100,user_45,user_190,user_229
user_177,user_28,user_181,user_88,user_152,user_142,user_80,user_120,user_125,user_128
user_68,user_6,user_89,user_189,user_207,user_245,user_32,user_29,user_148,user_91
user_33,user_6,user_23,user_128,user_223,user_210,user_136,user_113,user_163,user_184
user_227,user_7,user_103,user_51,user_231,user_121,user_72,user_78,user_114,user_116
user_66,user_232,user_239,user_61,user_197,user_86,user_59,user_29,user_142,user_119
user_39,user_89,user_226,user_182,user_129,user_165,user_225,user_217,user_132,user_247
user_35,user_9,user_64,user_157,user_195,user_16,user_82,user_43,user_147,user_189
user_5,user_135,user_204,user_125,user_189,user_207,user_65,user_238,user_218,user_173
user_128,user_4,user_185,user_46,user_217,user_214,user_24,user_180,user_236,user_21
user_0,user_168,user_46,user_40,user_105,user_127,user_69,user_3,user_206,user_208
user_11,user_31,user_30,user_36,user_29,user_78,user_68,user_54,user_216,user_241
user_10,user_30,user_36,user_64,user_83,user_241,user_148,user_58,user_146,user_210
user_189,user_150,user_34,user_35,user_230,user_135,user_122,user_71,user_238,user_216
user_123,user_187,user_73,user_54,user_185,user_164,user_209,user_42,user_72,user_201
user_45,user_140,user_143,user_152,user_131,user_12,user_75,user_158,user_149,user_79
user_105,user_78,user_55,user_117,user_196,user_200,user_149,user_131,user_112,user_138
user_236,user_115,user_142,user_112,user_26,user_82,user_55,user_20,user_172,user_184
user_119,user_61,user_79,user_17,user_174,user_59,user_244,user_97,user_3,user_121
user_1,user_28,user_121,user_167,user_113,user_103,user_18,user_104,user_220,user_63
user_109,user_110,user_208,user_155,user_39,user_116,user_32,user_12,user_148,user_159
user_138,user_12,user_109,user_110,user_94,user_183,user_99,user_10,user_120,user_181
user_62,user_169,user_216,user_34,user_135,user_177,user_101,user_90,user_237,user_16
user_138,user_104,user_139,user_26,user_191,user_144,user_233,user_124,user_107,user_247
user_33,user_230,user_239,user_242,user_134,user_110,user_102,user_183,user_148,user_193
user_82,user_85,user_68,user_91,user_211,user_245,user_100,user_1,user_164,user_176
user_119,user_104,user_32,user_66,user_69,user_13,user_14,user_96,user_245,user_244
user_104,user_23,user_136,user_242,user_163,user_144,user_139,user_48,user_33,user_190
user_196,user_147,user_43,user_102,user_137,user_150,user_193,user_95,user_228,user_247
user_17,user_102,user_119,user_110,user_129,user_57,user_137,user_150,user_207,user_193
user_64,user_3,user_168,user_83,user_19,user_230,user_33,user_160,user_115,user_94
user_116,user_23,user_78,user_93,user_181,user_131,user_96,user_120,user_117,user_170
user_13,user_59,user_86,user_228,user_108,user_66,user_161,user_94,user_248,user_247
user_44,user_46,user_106,user_120,user_21,user_50,user_213,user_4,user_211,user_195
user_188,user_19,user_89,user_77,user_192,user_207,user_113,user_21,user_236,user_116
user_205,user_37,user_94,user_66,user_220,user_244,user_34,user_6,user_86,user_99
user_148,user_143,user_109,user_9,user_89,user_138,user_126,user_12,user_161,user_31
user_109,user_145,user_146,user_96,user_200,user_189,user_54,user_12,user_75,user_173
user_5,user_4,user_242,user_142,user_236,user_204,user_77,user_7,user_121,user_183
user_244,user_86,user_187,user_238,user_174,user_34,user_65,user_237,user_216,user_10
user_160,user_21,user_131,user_104,user_59,user_96,user_44,user_57,user_83,user_149
user_190,user_94,user_144,user_66,user_151,user_171,user_44,user_88,user_212,user_242
user_5,user_21,user_150,user_249,user_239,user_182,user_19,user_44,user_203,user_243
user_44,user_91,user_148,user_52,user_139,user_144,user_14,user_32,user_140,user_6
user_166,user_83,user_126,user_40,user_109,user_209,user_214,user_104,user_228,user_163
user_163,user_199,user_55,user_23,user_218,user_63,user_106,user_33,user_180,user_91
user_112,user_116,user_227,user_117,user_143,user_175,user_39,user_55,user_139,user_60
user_88,user_50,user_120,user_119,user_181,user_17,user_200,user_12,user_160,user_249
user_42,user_236,user_40,user_35,user_72,user_78,user_215,user_55,user_170,user_135
user_241,user_231,user_61,user_119,user_210,user_239,user_4,user_27,user_74,user_125
user_176,user_22,user_136,user_87,user_148,user_182,user_74,user_189,user_242,user_143
user_17,user_71,user_79,user_92,user_102,user_30,user_50,user_37,user_129,user_3
user_143,user_68,user_192,user_55,user_229,user_216,user_76,user_35,user_31,user_128
user_13,user_179,user_208,user_7,user_122,user_131,user_118,user_75,user_162,user_206
user_89,user_139,user_148,user_73,user_225,user_158,user_66,user_82,user_138,user_211
user_143,user_12,user_9,user_190,user_34,user_144,user_85,user_150,user_158,user_214
user_179,user_189,user_32,user_64,user_69,user_216,user_37,user_55,user_138,user_94
user_196,user_54,user_83,user_205,user_238,user_180,user_31,user_224,user_166,user_201
user_17,user_156,user_180,user_71,user_104,user_139,user_121,user_14,user_174,user_207
user_2,user_174,user_25,user_10,user_158,user_184,user_61,user_119,user_249,user_85
user_53,user_86,user_75,user_11,user_206,user_208,user_187,user_188,user_240,user_224
user_229,user_176,user_26,user_79,user_191,user_219,user_45,user_25,user_233,user_170
user_51,user_188,user_142,user_162,user_186,user_101,user_128,user_22,user_151,user_155
user_53,user_116,user_105,user_89,user_197,user_208,user_186,user_155,user_241,user_224
user_232,user_66,user_180,user_236,user_136,user_1,user_222,user_184,user_176,user_172
user_42,user_55,user_54,user_84,user_71,user_78,user_30,user_38,user_3,user_146
user_59,user_88,user_211,user_152,user_79,user_160,user_149,user_122,user_248,user_170
user_164,user_143,user_126,user_149,user_156,user_59,user_167,user_35,user_82,user_105
user_58,user_96,user_171,user_190,user_214,user_131,user_110,user_233,user_165,user_152
user_119,user_0,user_40,user_238,user_156,user_180,user_72,user_68,user_141,user_49
user_196,user_214,user_228,user_160,user_83,user_24,user_99,user_239,user_247,user_233
user_220,user_20,user_76,user_59,user_128,user_161,user_86,user_15,user_163,user_1
user_179,user_7,user_30,user_182,user_241,user_58,user_25,user_34,user_177,user_204
user_214,user_165,user_42,user_164,user_163,user_12,user_52,user_11,user_157,user_197
user_30,user_37,user_224,user_29,user_221,user_197,user_219,user_25,user_241,user_89
user_73,user_108,user_49,user_110,user_246,user_225,user_137,user_86,user_179,user_90
user_65,user_33,user_79,user_188,user_237,user_3,user_121,user_116,user_149,user_165
user_10,user_145,user_173,user_63,user_222,user_167,user_1,user_140,user_232,user_184
user_59,user_220,user_74,user_32,user_161,user_211,user_87,user_39,user_182,user_109
user_94,user_64,user_6,user_40,user_89,user_148,user_223,user_37,user_158,user_139
user_95,user_238,user_244,user_185,user_65,user_40,user_104,user_201,user_226,user_78
user_37,user_236,user_59,user_33,user_66,user_67,user_203,user_123,user_225,user_161
user_7,user_192,user_211,user_68,user_198,user_144,user_235,user_193,user_190,user_213
user_4,user_110,user_142,user_115,user_44,user_102,user_2,user_0,user_232,user_10
user_104,user_95,user_226,user_52,user_139,user_149,user_103,user_96,user_131,user_167
user_93,user_241,user_181,user_96,user_125,user_132,user_117,user_81,user_167,user_221
user_62,user_125,user_144,user_129,user_189,user_101,user_44,user_7,user_153,user_32
user_204,user_128,user_33,user_5,user_28,user_218,user_111,user_40,user_238,user_225
user_29,user_173,user_135,user_169,user_10,user_73,user_57,user_36,user_183,user_216
user_94,user_76,user_79,user_229,user_122,user_15,user_70,user_42,user_170,user_168
user_12,user_32,user_109,user_138,user_219,user_69,user_96,user_88,user_143,user_243
user_88,user_199,user_211,user_117,user_81,user_131,user_94,user_13,user_215,user_98
user_11,user_15,user_42,user_209,user_163,user_247,user_86,user_23,user_161,user_76
user_2,user_60,user_232,user_44,user_175,user_4,user_21,user_112,user_85,user_197
user_219,user_131,user_140,user_25,user_191,user_88,user_89,user_214,user_70,user_75
user_176,user_40,user_68,user_80,user_232,user_81,user_125,user_4,user_173,user_245
user_230,user_24,user_21,user_19,user_158,user_75,user_36,user_214,user_128,user_242
user_236,user_39,user_126,user_40,user_156,user_115,user_46,user_64,user_113,user_80
user_13,user_89,user_118,user_208,user_220,user_131,user_179,user_32,user_134,user_161
user_110,user_124,user_1,user_12,user_127,user_75,user_241,user_159,user_225,user_231
user_2,user_236,user_192,user_174,user_61,user_25,user_69,user_46,user_29,user_88
user_94,user_135,user_65,user_24,user_171,user_173,user_168,user_5,user_198,user_242
user_73,user_75,user_217,user_165,user_78,user_188,user_130,user_11,user_182,user_246
user_192,user_178,user_30,user_55,user_117,user_69,user_13,user_236,user_70,user_184
user_5,user_204,user_73,user_87,user_183,user_216,user_99,user_7,user_238,user_125
user_237,user_166,user_54,user_167,user_149,user_180,user_90,user_18,user_83,user_146
user_55,user_58,user_216,user_115,user_215,user_94,user_40,user_82,user_196,user_41
user_68,user_214,user_98,user_6,user_171,user_224,user_91,user_26,user_150,user_196
user_131,user_44,user_140,user_123,user_63,user_53,user_87,user_7,user_149,user_128
user_233,user_6,user_26,user_128,user_108,user_144,user_37,user_104,user_112,user_87
user_210,user_33,user_215,user_55,user_110,user_64,user_41,user_47,user_83,user_100
user_17,user_86,user_248,user_153,user_82,user_188,user_162,user_116,user_238,user_220
user_94,user_205,user_65,user_5,user_212,user_199,user_171,user_40,user_240,user_232
user_214,user_33,user_139,user_115,user_158,user_213,user_6,user_48,user_108,user_4
user_139,user_54,user_187,user_79,user_225,user_174,user_50,user_7,user_190,user_207
user_73,user_99,user_161,user_11,user_122,user_62,user_183,user_233,user_144,user_216
user_20,user_55,user_3,user_237,user_180,user_10,user_102,user_38,user_123,user_115
user_128,user_80,user_242,user_176,user_164,user_181,user_151,user_44,user_142,user_101
user_168,user_189,user_121,user_71,user_37,user_135,user_74,user_19,user_161,user_207
user_12,user_11,user_36,user_73,user_119,user_213,user_181,user_140,user_192,user_126
user_173,user_1,user_239,user_12,user_189,user_200,user_113,user_212,user_105,user_162
user_238,user_121,user_231,user_224,user_133,user_20,user_17,user_0,user_175,user_174
user_13,user_18,user_64,user_141,user_210,user_39,user_60,user_86,user_92,user_200
user_186,user_128,user_178,user_176,user_205,user_53,user_111,user_121,user_149,user_218
user_164,user_3,user_163,user_170,user_185,user_5,user_95,user_90,user_80,user_93
user_40,user_214,user_58,user_108,user_243,user_89,user_142,user_130,user_158,user_138
user_123,user_72,user_202,user_167,user_122,user_211,user_62,user_59,user_229,user_35
user_9,user_61,user_68,user_214,user_193,user_232,user_85,user_126,user_83,user_134
user_55,user_4,user_38,user_178,user_125,user_117,user_81,user_0,user_207,user_176
user_1,user_45,user_78,user_133,user_236,user_18,user_46,user_29,user_142,user_170
user_3,user_45,user_170,user_79,user_67,user_102,user_229,user_55,user_149,user_76
user_70,user_117,user_29,user_108,user_219,user_221,user_181,user_178,user_55,user_13
user_113,user_227,user_164,user_156,user_121,user_133,user_35,user_200,user_220,user_187
user_123,user_191,user_44,user_41,user_149,user_169,user_121,user_34,user_248,user_162
user_189,user_9,user_121,user_39,user_113,user_65,user_63,user_125,user_204,user_175
user_112,user_237,user_204,user_11,user_108,user_234,user_163,user_3,user_5,user_238
user_9,user_243,user_96,user_88,user_80,user_100,user_152,user_45,user_242,user_14
user_127,user_116,user_226,user_41,user_207,user_140,user_103,user_78,user_160,user_230
user_131,user_192,user_182,user_226,user_213,user_4,user_51,user_45,user_152,user_165
user_3,user_43,user_131,user_25,user_79,user_184,user_160,user_65,user_193,user_117
user_164,user_181,user_206,user_119,user_96,user_13,user_44,user_11,user_128,user_176
user_208,user_71,user_189,user_224,user_30,user_98,user_69,user_35,user_191,user_16
user_78,user_69,user_28,user_41,user_103,user_92,user_127,user_169,user_248,user_39
user_80,user_218,user_140,user_3,user_164,user_215,user_102,user_176,user_207,user_221
user_36,user_196,user_89,user_6,user_205,user_218,user_54,user_94,user_180,user_46
user_96,user_108,user_146,user_110,user_166,user_191,user_184,user_88,user_214,user_83
user_89,user_66,user_134,user_110,user_239,user_168,user_148,user_225,user_136,user_129
user_110,user_10,user_34,user_183,user_225,user_145,user_159,user_32,user_134,user_203
user_90,user_72,user_241,user_132,user_167,user_227,user_61,user_95,user_240,user_39
user_89,user_29,user_94,user_50,user_105,user_140,user_196,user_180,user_160,user_6
user_66,user_59,user_206,user_208,user_136,user_94,user_77,user_16,user_215,user_89
user_89,user_2,user_74,user_19,user_188,user_136,user_41,user_113,user_245,user_71
user_36,user_192,user_3,user_181,user_246,user_71,user_47,user_30,user_168,user_55
user_246,user_125,user_226,user_28,user_188,user_217,user_124,user_19,user_114,user_118
user_3,user_170,user_148,user_55,user_206,user_168,user_116,user_204,user_103,user_93
user_229,user_80,user_145,user_70,user_164,user_173,user_106,user_85,user_181,user_199
user_232,user_136,user_175,user_204,user_31,user_37,user_36,user_66,user_91,user_236
user_102,user_59,user_136,user_20,user_138,user_246,user_6,user_58,user_123,user_115
user_29,user_36,user_80,user_200,user_192,user_230,user_221,user_148,user_183,user_163
user_36,user_181,user_143,user_189,user_62,user_30,user_179,user_31,user_84,user_221
user_103,user_241,user_170,user_69,user_95,user_120,user_30,user_119,user_155,user_76
user_189,user_196,user_249,user_7,user_99,user_118,user_122,user_84,user_162,user_34
user_68,user_40,user_91,user_9,user_100,user_80,user_29,user_113,user_236,user_216
user_110,user_97,user_120,user_203,user_34,user_59,user_144,user_101,user_190,user_95
user_214,user_123,user_191,user_48,user_144,user_165,user_44,user_164,user_9,user_143
user_156,user_238,user_135,user_216,user_61,user_125,user_234,user_90,user_95,user_231
user_134,user_125,user_110,user_17,user_107,user_61,user_150,user_207,user_26,user_91
user_70,user_242,user_102,user_5,user_80,user_14,user_171,user_88,user_128,user_173
user_30,user_103,user_71,user_135,user_148,user_139,user_133,user_69,user_219,user_241
user_216,user_58,user_103,user_104,user_139,user_16,user_54,user_30,user_238,user_222
user_114,user_87,user_228,user_179,user_72,user_108,user_7,user_0,user_5,user_244
user_121,user_231,user_213,user_24,user_217,user_176,user_28,user_200,user_246,user_165
user_244,user_41,user_117,user_67,user_167,user_189,user_135,user_14,user_88,user_122
user_148,user_9,user_126,user_64,user_82,user_100,user_143,user_12,user_138,user_129
user_127,user_119,user_75,user_128,user_213,user_226,user_181,user_85,user_12,user_95
user_42,user_46,user_11,user_40,user_59,user_96,user_128,user_66,user_68,user_86
user_176,user_156,user_109,user_144,user_196,user_114,user_96,user_87,user_173,user_214
user_225,user_25,user_158,user_75,user_231,user_217,user_73,user_11,user_81,user_89
user_116,user_211,user_140,user_103,user_53,user_82,user_11,user_57,user_129,user_153
user_181,user_192,user_200,user_168,user_96,user_109,user_154,user_119,user_202,user_72
user_82,user_86,user_1,user_234,user_116,user_91,user_57,user_33,user_141,user_219
user_131,user_63,user_141,user_65,user_227,user_137,user_73,user_19,user_147,user_62
user_88,user_211,user_192,user_81,user_120,user_152,user_7,user_80,user_159,user_171
user_71,user_156,user_167,user_30,user_231,user_180,user_121,user_246,user_245,user_79
user_95,user_119,user_169,user_133,user_132,user_166,user_78,user_188,user_244,user_235
user_232,user_98,user_69,user_13,user_211,user_199,user_215,user_88,user_229,user_58
user_104,user_91,user_221,user_37,user_166,user_119,user_6,user_68,user_148,user_192
user_161,user_131,user_150,user_43,user_181,user_230,user_219,user_212,user_147,user_13
user_79,user_196,user_102,user_71,user_149,user_0,user_160,user_50,user_67,user_105
user_110,user_125,user_101,user_1,user_126,user_3,user_100,user_72,user_61,user_102
user_243,user_58,user_96,user_42,user_145,user_44,user_23,user_8,user_93,user_109
user_68,user_238,user_125,user_6,user_31,user_118,user_216,user_17,user_210,user_72
user_236,user_247,user_233,user_45,user_196,user_89,user_1,user_20,user_231,user_239
user_101,user_154,user_170,user_150,user_133,user_3,user_57,user_26,user_128,user_165
user_3,user_19,user_100,user_137,user_180,user_199,user_115,user_40,user_207,user_106
